,A,B,C,D
2021-01-01,-1.248345303689842,0.1925533978839318,0.44236376804228594,0.4447096240991941
2021-01-02,1.116153272035899,0.12153602701325715,0.9647061647403108,0.7291288383535411
2021-01-03,1.1963049312023866,1.9841648112687202,0.6313574564388185,1.08688200088707
2021-01-04,1.306432787390375,1.8980147424136902,0.7345734810301306,-0.7226879513038793
2021-01-05,1.7296565159397252,1.6445553070452799,0.33191905440911296,-1.2551727979746574
2021-01-06,3.1459997775852973,0.5397437337526272,0.5626945961526975,-0.3462323034479058
2021-01-07,3.8265018243490325,1.5345769646038794,-1.4158321619671308,-0.11564702084144646
2021-01-08,4.322632958044736,1.8950855332101604,-0.31657669612962946,-1.4701381257760542
2021-01-09,5.488175593156949,2.073486733868325,-0.326313592800639,-1.8398256032733493
2021-01-10,5.782275360294417,3.3655632626669583,0.8335337142863685,-1.104585399066712
2021-01-11,5.255191810523631,2.580182984271252,0.17784213505923552,-2.4261285052987533
2021-01-12,5.5572159009325794,1.315568704062697,0.5922342277484014,-2.743981975324974
2021-01-13,7.0002951120570875,0.972984437345205,-0.2541132851968315,-1.8954056769314291
2021-01-14,6.765892112041124,0.7169042698848355,1.6105920124816768,-2.42447302693545
2021-01-15,6.518482350425456,-1.1218171534927284,2.9297683981214506,-1.2103414585668972
2021-01-16,5.764228681066051,-0.05193999465159793,1.5402121871032506,-0.2805904875171027
2021-01-17,4.752513367631141,0.6594780689178049,2.2952431815208225,0.1440875920413504
2021-01-18,4.567149588041332,0.8517243336163219,1.0466884715611833,-1.5188518737617445
2021-01-19,4.289089348021035,1.3335418734181541,-0.24336390804590602,-1.0743161915471913
2021-01-20,3.6123678201465665,2.26478295413642,0.3575451598466123,-1.9226241453848831
2021-01-21,3.0413922911284303,0.6716286195633434,0.1469518682329721,-0.5954251729372435
2021-01-22,2.9605538698208522,-0.6662023595134134,-0.10460230927772271,-0.09907404779038498
2021-01-23,3.5321275735754964,-0.8469991400467126,-0.3702690949847558,-1.2028170464808263
2021-01-24,2.237181227549029,0.300793427125465,0.2807632801962666,-1.6305290141255488
2021-01-25,1.6141044711779244,0.3750135611618924,0.9741881187473211,-1.6259000955283545
2021-01-26,0.8710979881612467,-1.581311163918602,0.09166223301525567,-1.4567169605491692
2021-01-27,0.8482484369603852,-1.2638640156817624,-0.21650100952249574,-2.644720125169772
2021-01-28,0.08537642882493612,1.0051632315221477,-0.3604999419576128,-1.8829855302515122
2021-01-29,-0.07319340252211856,2.7444213056270605,-0.41743111036882385,-3.481454532310323
2021-01-30,0.550637779382887,4.381494935972165,-0.5612710902473917,-5.135667474248136
2021-01-31,2.0247883065175807,5.053113516796383,0.6373418648008783,-5.829436474963583
2021-02-01,1.8726660650538516,6.32630964110511,1.4908928844967875,-6.169477080452415
2021-02-02,3.2215852380328434,5.905839480643407,1.391617256755759,-5.636075632428299
2021-02-03,1.830452973546432,5.864956414497423,3.288584821766525,-5.022166946872854
2021-02-04,3.272288468169851,6.8056962572804425,3.847710484655164,-3.7766232643355844
2021-02-05,6.230955854390361,7.887379642451984,4.538167189164847,-4.341203694957994
2021-02-06,5.612470228420202,7.4933464017244376,4.85812463995727,-4.147728673433108
2021-02-07,5.419423719599532,7.408863852138576,4.415212939074916,-5.616493257410983
2021-02-08,4.411068653995897,6.213536798050494,4.960231625930408,-4.001830903952214
2021-02-09,5.5837523737070205,4.497501812269266,3.5388698756540147,-4.637871282533213
2021-02-10,4.916951740340179,2.08849749434486,3.2595483966914425,-4.115971975750273
2021-02-11,3.2343830412398216,0.9085835765547516,4.058645745452647,-4.817212571733779
2021-02-12,2.3477325140063,-1.4220884949405246,4.350065094793527,-5.786534257361729
2021-02-13,5.150686689158385,-0.3738003670929009,5.671136519163283,-5.21293397864151
2021-02-14,4.862935420510519,-0.7172821677955588,7.084236121984572,-4.487367084905976
2021-02-15,4.936104905447401,-0.13235056892671893,7.3235019631925,-3.949053807884455
2021-02-16,6.04250226459339,1.268404646386176,7.033966305593155,-2.5151794596984787
2021-02-17,5.391053817751007,1.6127681166358592,8.354672920882052,-2.1231951857058036
2021-02-18,4.46276210736315,1.7592992796573366,9.361652677010634,-2.672902460793085
2021-02-19,6.0868419660432425,1.4692956339895784,9.684596115284851,-2.555081087230552
2021-02-20,5.60554468290745,0.5159495551193256,11.695802643416306,-2.795776838771981
2021-02-21,6.040159034404061,0.44316217984229556,12.596346594112493,-2.339960116968537
2021-02-22,5.623865265243539,1.0391656811401737,12.36400328685385,-3.7411263676368773
2021-02-23,4.0124605977958145,1.1888147157222326,12.441037828227728,-3.919453656699177
2021-02-24,4.055646024085796,0.33866705605119674,12.16669632741439,-3.214671566198458
2021-02-25,3.5016824886564937,2.7774583866147298,11.672571865940856,-2.4644908589155574
2021-02-26,3.655520819649458,3.1740310264009097,12.104060080013985,-3.5544142524501288
2021-02-27,3.822913168014539,3.1477898487352722,12.229420422438032,-3.046699651370293
2021-02-28,4.4834567919790445,4.079821095112938,12.537093876758451,-3.1735223644742994
2021-03-01,5.219849382605318,4.299901847437458,12.307098160859162,-3.688743522848232
2021-03-02,5.0544357098188675,5.751921588926212,13.998669157790504,-5.16720918710413
2021-03-03,6.145788026800615,5.550654100318671,13.185133471427289,-4.501444265906685
2021-03-04,5.824819382896898,5.548160885544301,12.185172505877665,-4.059655898682496
2021-03-05,5.922178576893047,5.015500967199104,10.873736604065552,-3.7700006176461387
2021-03-06,5.341362356747744,4.966830915327818,11.815670212891211,-4.2366722087953885
2021-03-07,3.3768070028845183,6.546431619170113,13.033254708982009,-3.5275603111518024
2021-03-08,4.063623661485504,5.983476639403163,12.28707327843004,-4.490498755857981
2021-03-09,6.361153573718135,6.351865944697689,12.571075567177003,-2.9722076991311326
2021-03-10,6.276972457906607,5.38993861857289,11.48610842603883,-1.1928701499826264
2021-03-11,5.972297970186933,5.503601816113144,10.958254882185352,-2.1373868028833547
2021-03-12,6.089672740716006,4.23936549032897,10.467553956390168,-1.7146377958353507
2021-03-13,5.775432935049335,2.6547152079217744,10.016832101146582,-3.0503108501208285
2021-03-14,6.162504483826687,3.9083144954916307,10.212554140669436,-1.9495205950428305
2021-03-15,6.475362985118817,3.9663688432981377,11.20118423261038,-2.613045825369852
2021-03-16,6.772410050991934,4.546293166368975,12.957955981289619,-2.3358512681004755
2021-03-17,5.621886674551477,3.184266312982889,13.552574416468689,-3.1771443611163486
2021-03-18,5.748530201043487,1.8263513558390334,14.467659905144277,-3.3272910334622154
2021-03-19,6.144948826266956,1.7514205470187802,13.32606461854517,-4.152012427401746
2021-03-20,4.7044098403856225,0.8229372710733138,13.169393262183124,-5.499568910468035
2021-03-21,4.888132404036124,1.3153411498930088,14.629891125372861,-4.996134922139405
2021-03-22,6.213479911008707,-0.3965033904193389,15.016991186190946,-3.4527148297453505
2021-03-23,3.370231144630074,0.09523863844161451,13.745545771021618,-3.2605792306090566
2021-03-24,4.063657299429946,2.3625785394655385,12.51601374869889,-4.118279844811264
2021-03-25,3.4819822124063955,2.7214706238023396,11.985171642416178,-4.4466869120117645
2021-03-26,4.261101321044029,3.898092997320833,11.44963613282906,-4.956476319642382
2021-03-27,6.356122073532425,4.609601112685617,12.592926985807159,-4.803283068480918
2021-03-28,6.913507181386535,3.936078688543589,13.131653252404382,-3.605164444601651
2021-03-29,5.70372763683196,5.3256137589166626,13.017127221148916,-4.301969679499918
2021-03-30,4.94816394255733,4.9648039662062695,12.787423727126102,-4.366679726231254
2021-03-31,5.668854707316101,6.623666064579332,13.603502585173596,-2.819544660532964
2021-04-01,6.7990982003263,6.384861093356748,12.32077800040422,-2.3020674530099603
2021-04-02,4.887625001930611,7.615829809202894,12.209360882123946,-2.723412299625613
2021-04-03,4.972478867698775,6.843751548196798,10.17345931165097,-3.3575891365462707
2021-04-04,7.898968679422307,5.980847083543553,11.071332878194617,-3.174215699644852
2021-04-05,8.585010314653506,5.262714105170367,10.903411968492138,-5.033200706793055
2021-04-06,8.31897467697652,5.0357659743077114,10.115418678614443,-4.253294810641731
2021-04-07,8.013451850376057,5.514989919362954,10.07771593563274,-4.694988399780437
2021-04-08,8.557761047420136,5.856150375619149,9.777566484892336,-4.646850416158384
2021-04-09,8.406072999423412,6.561669899764653,8.705802808762797,-5.457309683983144
2021-04-10,8.617353117953396,6.529185902104612,9.7643316991273,-5.112904593192143
2021-04-11,8.324562258990174,5.9335537473791184,9.611170216801948,-4.617887580824257
2021-04-12,7.8626082307434935,7.479968286899824,10.52005465960101,-5.70199260117193
2021-04-13,7.939273753956557,8.541244148409664,9.224045012430459,-6.40515544863124
2021-04-14,7.739982972129581,9.723431421123138,8.731315015384608,-6.974220351570588
2021-04-15,5.7532358953352665,9.477478649811593,9.215270573208036,-5.162761390786276
2021-04-16,5.923930224344578,7.952303344067564,9.177729101804971,-6.1229684478082556
2021-04-17,7.469047948303661,8.830714321678165,8.533338667362221,-5.5686961134725745
2021-04-18,6.028816176015198,8.680382895826607,9.38936970905153,-7.110452052790637
2021-04-19,6.786992516454184,10.732257903210808,10.307474393916891,-7.390604173929562
2021-04-20,7.2088499224395655,11.573733630166712,12.54669762819415,-5.913773962196748
2021-04-21,8.03954061785196,10.904847559700153,12.363470490213052,-5.085030966893657
2021-04-22,7.748241116980131,10.679841943302332,11.689296957223855,-4.852449573203705
2021-04-23,6.4530382466240175,10.561457484729491,12.34567352831969,-6.52533300503307
2021-04-24,6.589516427492057,11.003360029924375,12.155364622117284,-5.4521542380939625
2021-04-25,6.415513071996245,10.219558258144168,11.778975165280785,-4.264936634299682
2021-04-26,4.838277739650602,11.85567981706632,12.636154076903939,-5.483126786795152
2021-04-27,5.064185857374925,11.36191555279567,13.25084963798437,-5.123005964131249
2021-04-28,4.827778919613702,12.175603845781776,13.307564962280468,-4.457881475598352
2021-04-29,6.196865346257686,11.166229716789424,13.336675556692555,-3.482065920477454
2021-04-30,6.563142964073775,9.074047942398929,12.970943320473447,-4.209175197428955
2021-05-01,7.0712593746793235,10.08128623822935,11.323177415648445,-6.304770098804877
2021-05-02,8.46813004923879,10.558091337630662,10.740814620495174,-6.442147055839171
2021-05-03,10.285973111990051,8.698277142802487,10.108767973797562,-6.245522454744747
2021-05-04,8.350565615801138,9.203422020035756,9.411013167978762,-4.3653291044095575
2021-05-05,9.192357770919731,7.476638681491307,10.86659682045453,-5.267914301887487
2021-05-06,10.599658198588779,8.720520465843231,11.634237872255888,-6.866125661113967
2021-05-07,10.47033115356579,7.6873658813756895,11.096704489981205,-6.686465909346713
2021-05-08,9.755257744043707,7.712255280143292,11.990838500629046,-5.820203532521
2021-05-09,9.276979718174912,7.869390496253039,12.137058245837759,-8.237347921234388
2021-05-10,9.113418712151745,7.977788286714153,11.402185278091377,-10.119453388730037
2021-05-11,9.18973259891214,10.50177627086066,11.642614607513467,-10.045878289068963
2021-05-12,8.385553374486229,11.256593754109595,11.668712991676415,-11.125577473718874
2021-05-13,7.216055328085818,10.57809945876702,11.803063069611344,-13.068403503477336
2021-05-14,7.340502248401924,11.48115664941243,13.43709952287955,-13.659950524082184
2021-05-15,5.569901501425637,12.09824127699584,14.966907102767358,-11.604949176453061
2021-05-16,5.552842513396857,11.40021707181315,11.956864250853958,-11.315918630726193
2021-05-17,5.546421680199123,10.87834266798789,12.35265538319698,-10.823686240099478
2021-05-18,5.8700500600340995,9.084829931198522,11.386460296172913,-9.841343008878722
2021-05-19,5.552804501386022,10.019004465545578,9.904669331010615,-10.71146077645419
2021-05-20,6.2197021648307995,8.021623212992882,9.562168300316726,-11.187583393893222
2021-05-21,5.051574770299017,6.927045435991253,9.103298908942575,-11.017220278825942
2021-05-22,4.133171136280991,8.619566543524948,10.181051668065273,-11.870668331861392
2021-05-23,4.892519218328076,8.138416497981757,10.189088702598578,-13.349701023603146
2021-05-24,5.8613067316496,7.401119604391887,11.637041382236728,-12.713516775444038
2021-05-25,6.0837119156297765,7.492752161626071,10.756824099811128,-12.912218571279178
2021-05-26,6.389545668891339,7.00353763526133,9.16934130904882,-12.99733185851537
2021-05-27,5.404305019806499,7.029482108593842,9.771460420085136,-13.123196801210439
2021-05-28,6.688637609899728,5.872034491576792,9.314107302159163,-15.487332518735306
2021-05-29,7.593844469088871,5.98938436555092,9.11347372801788,-16.012104113336868
2021-05-30,7.360345467250277,6.117624228508186,9.601840748067064,-15.414063359684638
2021-05-31,5.662479280964078,3.9050413066848897,8.234751292045166,-15.719265727354664
2021-06-01,6.319630060377496,1.8929655130852878,9.500096621465097,-13.731867578888096
2021-06-02,6.270370708012195,2.992970277210431,9.080849456649672,-15.2390528869028
2021-06-03,4.568868845283365,2.5774046472164955,8.940225256212669,-13.840657361125833
2021-06-04,4.76183648229327,3.0791324476446937,10.581162398500153,-13.258047594166205
2021-06-05,5.171237482508059,4.202149906739219,12.006429787497892,-12.287730560049097
2021-06-06,4.80814998739282,4.218692441594331,11.72315420721947,-11.001505594855871
2021-06-07,3.574888347931035,3.698205322483695,10.829024704541936,-10.014222888222431
2021-06-08,3.42563102253159,3.3988975579191565,10.163507807536872,-11.473757775389114
2021-06-09,2.9235233339833027,1.527081289377932,9.82009414539388,-11.031079193036105
2021-06-10,4.286373889974054,2.2284590241673268,9.47936049562919,-11.677910360731762
2021-06-11,5.020027227464429,3.4577551077080937,11.601803513285128,-10.826227227390888
2021-06-12,6.094899868413487,4.613697093442801,12.698571320347492,-9.52377195649433
2021-06-13,5.836597344286083,4.937931573974469,12.97219663784151,-9.46798410865769
2021-06-14,6.502606991632548,4.020549009541062,13.861667287516399,-9.713367078533931
2021-06-15,6.298220993300705,2.9691356845345966,14.898234055347267,-10.121074094434741
2021-06-16,6.944338610376207,3.054781147292765,15.099545258589973,-9.221919635281818
2021-06-17,7.5721729604425905,2.7257335957460898,15.163139139914259,-8.600369661217204
2021-06-18,7.458201514420052,3.6980058394511675,16.210830115616055,-7.371568135604126
2021-06-19,6.809013765826315,4.528962919051624,15.98060481101255,-7.97923044029348
2021-06-20,5.385638561214096,4.964356734218243,16.69723002081568,-8.023526691941546
2021-06-21,4.405046344614047,4.234842578293041,16.689276454488343,-9.117083409667373
2021-06-22,3.675880853826165,5.521801184944181,16.75923182600793,-9.220920537732974
2021-06-23,4.192001633890368,5.84450740455479,17.703585120487716,-9.125981360685103
2021-06-24,4.578965792362257,4.869582071327314,17.654842024789502,-9.688558052925522
2021-06-25,4.375643261411791,3.0348889607926552,18.281895338224203,-8.312141186210717
2021-06-26,3.8705303902052517,3.528984413371818,17.630989770929464,-8.615054073158117
2021-06-27,2.796207322507704,3.0059593628181243,16.77485688357327,-7.9222118984840435
2021-06-28,3.567400577196584,3.0255890954981033,17.12693189754379,-7.311375663056212
2021-06-29,3.7112601583817226,2.8796126818769268,16.320408846685055,-9.380834488565286
2021-06-30,1.7962976758034168,3.1542142390772883,18.48425049312066,-10.821082604796652
2021-07-01,1.451476330544556,3.3382368232205537,18.78156559227066,-10.954590166844053
2021-07-02,1.0374793844774772,2.5111694127702533,18.21642909356489,-12.091948076478321
2021-07-03,1.7626925263555409,4.239263413601382,18.414969036108516,-12.7829227055683
2021-07-04,0.9918541322297875,4.944965850483067,17.83456044706446,-11.94279310701435
2021-07-05,1.977178683509723,3.5924334002973444,18.757323390181153,-9.307351743401288
2021-07-06,2.502602712397463,5.317174750231539,19.155923332666656,-8.99265381605294
2021-07-07,2.319006716345993,5.769252819705884,18.310379646002044,-10.883702834111922
2021-07-08,2.5507918098019404,6.028688788075683,17.812454196059274,-11.155675205737863
2021-07-09,3.0885762615809256,6.330750153390121,17.913079240727836,-13.265984943094631
2021-07-10,3.932486486284169,7.114656580585143,17.03320765715819,-13.816523647033417
2021-07-11,3.72715061227204,7.228465498234434,17.919764370128505,-14.096635831158517
2021-07-12,2.7468227820204865,6.516113468934972,18.37439606833004,-15.759675947469436
2021-07-13,3.3217597990652905,7.215233509951332,17.469345234155604,-16.24075583036174
2021-07-14,4.3603414339771,7.239676400188326,18.439859443832795,-17.025784944677216
2021-07-15,4.863463507245108,8.983223357541172,18.932120623464858,-17.781245839280654
2021-07-16,4.898268043252199,9.940544111190452,18.535733768360355,-17.351445226683275
2021-07-17,3.425426584564028,10.15586643096089,18.112563032750735,-17.4128951830975
2021-07-18,2.767516687531903,9.637663695703933,18.070138474815415,-18.927199619660446
2021-07-19,2.9370681973791606,9.63387035942558,17.164919160935302,-19.732975715048532
2021-07-20,0.3694357179522303,8.804784248415869,17.609532346310004,-18.798788710078743
2021-07-21,1.4518937485045582,10.065765742860462,17.4392441145726,-21.180912232633816
2021-07-22,2.1495486495956118,10.56894351923175,16.66415425226232,-20.761452817341688
2021-07-23,1.8929085553738365,10.555942843087966,15.498365588930866,-22.66853101051429
2021-07-24,3.818862736595346,10.279611546253728,15.857995690441406,-23.19262909975859
2021-07-25,3.8358439405384197,9.800431857052729,16.324543315379714,-21.431418902863413
2021-07-26,2.6653842713163365,9.932487841795059,12.214507718405638,-22.85991022537955
2021-07-27,2.851061875259292,9.614624355260995,14.0145626835986,-23.778989346483126
2021-07-28,2.196057132064733,9.11867310119047,14.52608927615658,-21.8401789186638
2021-07-29,2.3271672771572747,9.867887222951145,16.049490107945772,-22.215880520626765
2021-07-30,3.5136962355580605,9.842675272234228,18.579354730380672,-22.154227910946418
2021-07-31,3.7261083876914345,8.502656791909274,19.65330166254565,-20.816088843993512
2021-08-01,4.083050551261729,8.746332561534727,20.53544580353551,-20.52092020934095
2021-08-02,3.7243801154983314,8.609483972238719,20.486906297819207,-22.41827016091744
2021-08-03,3.6171592703271442,7.02991084182777,21.756077779260494,-23.047911377535364
2021-08-04,2.052942328322056,6.161024039852405,21.24474882556953,-23.873175863455092
2021-08-05,2.410675993100256,7.55521128579127,20.446370279578115,-22.241355053873686
2021-08-06,1.275923312072896,7.229401066020425,21.033558947030922,-21.19158786302386
2021-08-07,2.80380034853945,7.354908058967547,19.593807176707536,-20.428321925768433
2021-08-08,2.153782279295613,6.887610946047853,20.03285319274366,-20.05168825546834
2021-08-09,0.6341473691325499,7.572748057129151,21.49379351985137,-21.629503084759715
2021-08-10,0.6495666291741473,6.558322593323048,22.27214000807795,-22.010034504825715
2021-08-11,0.22258608156602094,6.231038171854335,23.4645610891121,-22.169068008348727
2021-08-12,-2.217979550595042,6.852844568778515,23.70241062519268,-20.78448311199881
2021-08-13,-0.832025361108327,7.896408605925554,22.80707928497627,-20.78788875973271
2021-08-14,0.4323818652237319,8.244426086413275,22.236949802045935,-20.213446299262948
2021-08-15,-0.4527279919047561,9.203370769179786,22.09573834419432,-19.76790228035325
2021-08-16,-0.6747325833526937,9.56907256838137,22.060360860577095,-20.948579892778834
2021-08-17,-1.0355470390141148,8.586217305687176,22.241039389001866,-19.756378463426554
2021-08-18,-2.2481882349403337,8.973792757597344,21.8246024100424,-19.41859118042624
2021-08-19,-0.36791915472524117,9.392653124819853,22.470114910394663,-19.449284674793574
2021-08-20,-0.9872162472877254,7.849243680509151,23.388602902676514,-18.875504678710058
2021-08-21,-1.1682835519559025,7.540307272482901,24.429205819793864,-18.105772875006217
2021-08-22,0.5601934566454436,6.760281237761638,25.36842854123271,-19.58386630009571
2021-08-23,-0.4633544265863836,7.904789218053125,25.75957408663172,-20.118731269511862
2021-08-24,-0.6955551765665385,8.136005647049483,24.885244917048357,-20.499886257226244
2021-08-25,-1.411563870017411,8.918797015343548,25.96691741473161,-18.609425733279775
2021-08-26,-1.005670273545365,9.91763236639895,27.414619052999903,-17.94640604468056
2021-08-27,-2.345627927295359,9.666806852577503,26.194214207465482,-17.983507088664645
2021-08-28,-3.4377232617834204,8.836896482095208,26.322031842017665,-18.234992985014923
2021-08-29,-1.1423473028352449,9.477173314515992,27.589462579802568,-17.187581651852497
2021-08-30,-2.8479087316740235,9.681776755966386,28.49311434388917,-17.884796866478407
2021-08-31,-4.90962242984062,7.317869521539871,28.246817984131322,-18.745836200707586
2021-09-01,-4.423255545569409,9.516064197786694,28.791473068905578,-18.585653448630044
2021-09-02,-3.090050819315211,8.871021605441078,27.485646635815463,-17.434905807877378
2021-09-03,-2.139431461979554,9.632421893955971,26.33460321975607,-15.7671442940686
2021-09-04,-2.245024503252756,9.44008295257845,28.070677057828327,-15.81443823765163
2021-09-05,-1.622798487926344,7.998010209829659,28.472864088322286,-16.560818873726067
2021-09-06,-1.7747497627016608,6.6368030126849344,29.27274694056717,-17.292319084211176
2021-09-07,-1.8895907102822775,4.967357538803947,29.365410732043976,-17.49271524739244
2021-09-08,-1.6197326846049966,5.177903277336949,30.153055548944472,-16.60867947117797
2021-09-09,-3.3494256245460168,5.568128500269642,29.41195314166076,-18.452380811788313
2021-09-10,-4.804013024659435,3.9123807442031886,29.306686498439852,-18.83042404445553
2021-09-11,-4.816687241578751,3.5055259609759646,30.294939869655238,-18.6393108164591
2021-09-12,-5.437589286016783,2.759427284325411,29.84712141457542,-19.76575336203565
2021-09-13,-5.805996675239297,3.087491279706534,31.52658510650996,-20.070915727080955
2021-09-14,-5.837611285967118,3.88695576295634,31.585840735137644,-20.017634700633966
2021-09-15,-5.794632038250217,4.477664741261845,31.81122408833779,-20.4204344473739
2021-09-16,-5.2318455158150226,5.0026676201109055,29.940855402997748,-21.027556192873188
2021-09-17,-4.056283027703018,4.138712206768686,29.390988897491415,-21.756033073954224
2021-09-18,-5.454856652690914,5.2270579231056065,29.61470520283681,-20.423346337155376
2021-09-19,-5.18703481411764,5.889722507375852,29.561013369042143,-21.7994984375179
2021-09-20,-6.073900378221615,4.811655991702712,30.17652573239579,-22.133701240253313
2021-09-21,-6.66344750764488,2.6311837635752173,29.046039048320374,-22.573536811428955
2021-09-22,-7.0001210063962995,2.1958298726148495,30.345241877419795,-21.37265249075638
2021-09-23,-8.481589862594777,4.4425827054550435,31.17777741898741,-22.889459883499327
2021-09-24,-7.961917099478779,4.622811164730415,31.12078029891131,-21.93075492016638
2021-09-25,-9.77569386080727,5.842949553465823,30.58788821601704,-20.947218889503436
2021-09-26,-9.489749428555317,5.896142361301861,29.956187368000865,-22.4331585265002
2021-09-27,-8.880591771848303,7.488091356972111,30.58376323615331,-23.103469804794397
2021-09-28,-7.870560770592227,8.527267921375662,31.038086266598395,-24.948533001703385
2021-09-29,-7.506193120443221,7.948025050829462,30.207416093777997,-23.685020850784518
2021-09-30,-4.861661888151151,6.9530778514054825,30.355538592044283,-25.79250097400267
2021-10-01,-3.1783674804091735,6.571196870210069,31.650456636682293,-27.362538264532468
2021-10-02,-2.5379976224932386,5.340289322593096,30.613761537330987,-27.05980435404299
2021-10-03,-2.967409943841173,5.6674322533065284,28.930153377269857,-25.3440845960214
2021-10-04,-3.414374429848218,5.697018443067371,28.434301429736806,-24.96008055397331
2021-10-05,-3.216108320920795,7.845016699514492,26.493413247044042,-24.254657249171647
2021-10-06,-0.8056949814982466,9.133158849291977,26.884781476457594,-24.571423404195226
2021-10-07,-2.061303517130303,8.908822916540926,27.931497034895962,-25.67192488674999
2021-10-08,-1.2915678487948137,7.920907219514602,27.07498636239827,-28.0699227311982
2021-10-09,-2.7730655286406725,6.941938462276959,27.91691900012353,-28.191992489421832
2021-10-10,-2.3253415074114203,7.82786442952186,28.687432816390515,-28.626642745310853
2021-10-11,-2.3340721201666215,7.6298609534452355,28.34809106373702,-28.39547537992549
2021-10-12,-2.51681388480838,7.1000139826119755,27.759598359476158,-29.915229997365227
2021-10-13,-2.598008503969816,6.360498544408514,28.85838365325184,-29.681882598812127
2021-10-14,-1.8891657925391725,6.2451118570472826,30.940269910119884,-29.390827673399745
2021-10-15,-3.4231992289431172,6.653907492451485,33.322850479469054,-29.347144376242976
2021-10-16,-4.737698701984976,6.20800160975418,35.15862356902314,-29.638896638009165
2021-10-17,-5.900011570982505,6.3291352607199425,36.61892595476176,-28.272498091183046
2021-10-18,-7.608009305599348,7.225928317258269,36.89620456185727,-29.3461683475474
2021-10-19,-7.439131109531075,7.208996922017007,37.38449010120983,-29.296347043255814
2021-10-20,-6.162578078379142,5.644255961056162,36.151731340813846,-30.11211174225423
2021-10-21,-6.019879111765192,6.285356758499948,35.88569144949112,-30.10476424218486
2021-10-22,-6.768580385481473,7.643517756503777,34.601536251602646,-30.66652713078727
2021-10-23,-6.829366401571734,8.828223874967795,34.32915078325094,-29.280303584821908
2021-10-24,-6.95978813934092,9.58704247162986,33.664334453445335,-29.58695276087559
2021-10-25,-7.411717180230381,10.074178497900519,33.37029028038831,-29.206653188396956
2021-10-26,-7.6397769020096025,10.799726423451661,33.606600259779306,-30.625977128096693
2021-10-27,-7.398626117464235,10.881381191919552,34.16209824377046,-31.328875656809544
2021-10-28,-8.398373166004593,10.927225277927368,33.672409577873914,-31.34506911300735
2021-10-29,-10.337377272801778,10.384425041756916,35.15361181149471,-29.254442995472047
2021-10-30,-10.16778380816957,10.8085933547463,34.861263418833346,-30.982276622672153
2021-10-31,-11.814847559759272,9.516649949623561,35.736746233350445,-30.95908201509109
2021-11-01,-13.269580547400952,10.216536724286449,37.395407483448274,-29.9808425815805
2021-11-02,-13.939129227707422,9.261658976872747,36.587693666992266,-29.335340184911
2021-11-03,-14.637564325941945,9.057011624582811,37.997338366632405,-28.809884522448744
2021-11-04,-16.295783746582288,8.10921787254163,37.98170154878681,-28.364009592443463
2021-11-05,-16.033147733593836,7.120853794117853,37.74486387130259,-27.344773269361998
2021-11-06,-15.822139366075593,6.359475509584789,39.28379962778323,-27.30941957969619
2021-11-07,-15.79057199988686,6.968692699738207,38.64559190608893,-25.211885216144577
2021-11-08,-16.278081356860486,7.1048954363783325,39.84749267199575,-24.151727873016853
2021-11-09,-15.48294719312325,6.814593732641799,37.886945883520234,-25.462564384057664
2021-11-10,-16.558742441297703,8.87931146875695,37.3390873010355,-24.55125025963336
2021-11-11,-17.32738109995794,9.809209797778724,36.11853274686581,-24.109613483168392
2021-11-12,-17.17950909983938,8.539182760530895,37.19240350917152,-22.697209041700724
2021-11-13,-16.183010668768954,8.876395468567148,36.74470471237353,-22.57662810773814
2021-11-14,-15.332375612317723,8.738170506949558,37.45033341467914,-21.477309976348685
2021-11-15,-14.92979514505357,10.680430190494329,37.253648374751315,-22.214548992208094
2021-11-16,-15.33699039911961,10.467389975457023,36.75613602288682,-21.97238216100978
2021-11-17,-15.294080412410631,10.349336731186943,38.70097135676977,-20.24131495086127
2021-11-18,-16.029371160814257,11.106068961748557,38.26453845651781,-19.564182110793517
2021-11-19,-16.647692549544736,12.027069939634709,36.82225303048256,-18.90852667143433
2021-11-20,-16.38322434284863,12.424642448317583,37.29657482727823,-18.74917007984795
2021-11-21,-16.493411237985885,12.448537573113281,36.619179340795576,-17.48170599804173
2021-11-22,-15.34993809560881,12.146814531192613,36.31693051847885,-15.790603383267586
2021-11-23,-17.487435873072318,12.305781553329384,36.915641539426844,-13.943091998376142
2021-11-24,-17.693818292150436,11.71042733871373,37.14706281550061,-12.737659138594646
2021-11-25,-17.81649425155994,11.43794267343078,36.51322782024069,-12.300887089594685
2021-11-26,-17.41912179019717,12.53663441146803,36.47753469195089,-13.95240816902497
2021-11-27,-16.37590392820139,12.588214979398147,36.06480084593161,-12.93287429830975
2021-11-28,-17.428164641385468,12.455425597987702,38.0943342445446,-11.292571747966822
2021-11-29,-14.769545040819308,12.796633135403072,36.79987074536982,-10.4712428907421
2021-11-30,-14.94211133294112,11.050914666885756,36.23102213058169,-10.347757938826357
2021-12-01,-15.245879910426003,12.121228077814234,35.99094001195471,-10.477896071476742
2021-12-02,-15.630373011840035,11.257723472054957,35.86439257662296,-9.3119630614088
2021-12-03,-16.261895305102883,12.49400751512666,36.565750084504735,-9.768025661520236
2021-12-04,-15.87356774954401,10.662717291805507,37.94438528422307,-8.43301075512516
2021-12-05,-17.626553018392606,9.005380012600847,37.979872511839154,-8.863148453276871
2021-12-06,-16.87521845375351,8.031931462415635,38.13064481557219,-9.471164208891784
2021-12-07,-15.976295891974917,8.119656554068792,38.64846893032076,-9.759068981445516
2021-12-08,-16.606661250701816,6.819361903680126,38.206081864555195,-9.951946347393532
2021-12-09,-17.407676540381125,6.117285977798379,37.95764001366938,-11.900912707963652
2021-12-10,-17.04174324887163,7.018125543101885,37.93762457926578,-12.109581714140978
2021-12-11,-15.210785644548372,5.583804750901205,37.44834104214075,-9.628892106978029
2021-12-12,-14.499933581890936,6.0979260449691965,37.696023469255934,-10.008728727729387
2021-12-13,-15.43783126952773,5.250196955772207,39.147380288945286,-10.73582334661434
2021-12-14,-15.315173600176998,3.28704322115936,40.42521192912648,-12.54124782327524
2021-12-15,-14.764854617710858,1.2083690640817046,39.885716104141586,-10.85450918693343
2021-12-16,-14.680178030033543,0.8067514733931742,40.49981010117007,-11.801833137994809
2021-12-17,-14.648116103601945,-0.6896956997570132,41.22677963609433,-11.005530390259839
2021-12-18,-15.289040040726524,-0.16120954736224247,41.923555015599874,-9.670988791030478
2021-12-19,-17.038635560545973,0.8756264527520453,43.68405504386814,-9.204231607740999
2021-12-20,-18.3893941836057,2.3069820377902945,44.58164604757458,-8.945706818778124
2021-12-21,-18.490947724069283,2.8036063271625897,43.43342781755193,-9.210051596151505
2021-12-22,-18.221836475562494,3.259117303137528,41.82058561870499,-8.560971083685477
2021-12-23,-18.24350402659374,3.9357418756379543,42.648706537434,-9.428534072665505
2021-12-24,-19.65510756917794,3.006425926875105,43.10541123084205,-9.1729427827493
2021-12-25,-18.714790323626378,3.625850779779877,41.94355889034333,-7.1046621178528575
2021-12-26,-20.882559072286117,4.310835791043653,41.65479180937233,-5.354439357770021
2021-12-27,-20.86207846622912,3.1352558089337643,41.25903638640277,-4.150781764942794
2021-12-28,-21.02836727351002,2.8395441229159237,42.25117505777945,-4.865691186846181
2021-12-29,-20.716079854335003,2.9540578300796523,41.85210080481251,-6.775934468372345
2021-12-30,-19.58499444613815,3.437275038610832,41.811478637069314,-7.845222984332281
2021-12-31,-20.344589779610363,5.4058487711388565,41.72177380633978,-7.549185089569706
2022-01-01,-20.45744013000289,3.890140768789309,43.28114246511837,-8.324943854988526
2022-01-02,-21.467089641307652,5.659299495015894,41.47865128510175,-8.133083260572148
2022-01-03,-21.477012209014482,4.364273367170918,42.54276069687363,-6.74157671126044
2022-01-04,-21.324609602110957,4.883811929270352,40.23473139297512,-7.558295728554402
2022-01-05,-20.975862603379653,6.016991218555702,41.192275095118816,-7.626734267274715
2022-01-06,-21.753425954746785,6.613822704116565,41.332450501891884,-6.701719855790869
2022-01-07,-18.49485480331912,7.829431890702983,41.50048189775889,-7.621710286807848
2022-01-08,-19.9708185402004,7.542172534297693,42.48503129631834,-6.561574723986262
2022-01-09,-19.714791864544118,6.684376713872461,41.83204325141804,-6.117797905254831
2022-01-10,-17.643986190578993,6.797655433098935,41.00738250974815,-5.252030086241045
2022-01-11,-16.744293222701355,6.59169531706778,41.192175610781796,-5.573745715798957
2022-01-12,-16.976448687954914,4.7744434825377615,41.421994528633135,-7.889462151964809
2022-01-13,-18.552174894858297,4.956671725817989,42.80001047668852,-7.944729548943729
2022-01-14,-18.28682428838336,3.1675022889699784,42.93004355640508,-8.181930449381195
2022-01-15,-18.755731954843682,2.0446220882719492,41.45154809112921,-9.311545892758124
2022-01-16,-17.18613363952942,0.44908063008616916,42.775751256546506,-7.827175287756287
2022-01-17,-17.480791927327903,-0.02820186613313186,43.807242801095086,-7.2622739802234495
2022-01-18,-18.418379965737945,1.4927632946219374,43.119688861243205,-9.368596455218457
2022-01-19,-17.220587133432137,2.9454074967699064,43.81681893829133,-8.137910051196705
2022-01-20,-19.062953049268902,2.4753157927585288,44.49918127492601,-8.268042478312628
2022-01-21,-20.16194376909377,3.3200611906806037,44.7792392496226,-8.16224751169417
2022-01-22,-21.93479150113751,2.6304862903180037,44.202908364796166,-7.032832122136163
2022-01-23,-21.82822238285852,3.5202565816934985,44.60337891169262,-6.585441952016739
2022-01-24,-20.516897347790128,5.3931881296041055,45.11294621195915,-6.99248086196581
2022-01-25,-19.25850921735476,6.234451873987133,44.187641606504215,-8.831834260774471
2022-01-26,-18.38234133633813,5.598011855025123,43.341870134278565,-9.119568631421755
2022-01-27,-19.261738637992217,4.751041050204287,43.509142224452916,-8.568987268488359
2022-01-28,-21.69888366364305,3.9333452070533568,42.68859593146993,-9.12762751642031
2022-01-29,-21.027690024725025,3.844643260884574,41.74655915446991,-10.911340081171652
2022-01-30,-22.186826998328655,5.403040847166768,42.49041992472555,-10.037423397960847
2022-01-31,-21.63934979484911,4.080739960139327,43.98850261336144,-9.223070492486148
2022-02-01,-22.55955562711034,5.6517185202808875,43.57360915160545,-9.83916924159989
2022-02-02,-23.07349975660388,4.805363279237707,43.97812093543632,-12.198905498268633
2022-02-03,-22.707575198351087,5.020438087265657,42.520535967685795,-12.49159462955312
2022-02-04,-22.20216680982193,5.00426114488196,42.355821646336956,-12.060351724692016
2022-02-05,-22.563181556785914,5.338954186844308,43.30511202313261,-12.268161948139499
2022-02-06,-22.526595363374607,4.993009389030309,40.289169730668945,-11.931347500832997
2022-02-07,-22.106606107790686,4.5942953474041754,38.54154777623831,-11.497709799537335
2022-02-08,-22.181597108370948,5.056851356830416,39.148349983642575,-11.16041240125329
2022-02-09,-23.013024410188883,2.73232688275702,38.41910738491023,-11.100061721688842
2022-02-10,-23.76107078988977,2.9631046100958587,38.43344583018053,-10.956509053472166
2022-02-11,-23.301352108028112,4.725285560963444,38.487712009107675,-10.40122773840824
2022-02-12,-21.71130033776914,4.592883591940212,38.533270225941145,-12.03343035879703
2022-02-13,-21.561530960775222,5.272392199110258,37.68715165705617,-12.293720918836515
2022-02-14,-22.48430269084141,6.205487040632952,37.26611258532644,-11.266708085871814
2022-02-15,-21.841893594526457,6.6540255570583495,36.667885884651525,-11.765800480671865
2022-02-16,-23.535897307774906,6.626985547937404,38.496803126528185,-13.55298024649219
2022-02-17,-22.890302540450417,6.083511835616533,38.706518277950586,-13.238770528221858
2022-02-18,-20.878042202157847,5.170297849280482,39.36839332338342,-12.42919682484194
2022-02-19,-20.877622662917577,6.520054204792628,40.07090887932994,-13.16578986467744
2022-02-20,-21.607283131444998,7.659238481296352,40.06560056574906,-12.163041646396259
2022-02-21,-21.230120731163744,6.4665645153078035,39.33620867755423,-12.726785243388116
2022-02-22,-20.715932156290645,5.6330595116013225,38.34917252365897,-13.778202818083368
2022-02-23,-21.05239956941927,5.704524495990494,38.14707081344426,-13.216074608696246
2022-02-24,-23.523800151686363,6.604107889708752,39.47303629241171,-12.643717597048184
2022-02-25,-23.42636594518828,8.315575825987937,38.308498429656495,-12.688909832363816
2022-02-26,-24.929522092508915,7.930317027622515,38.53914800552966,-11.285801109571882
2022-02-27,-24.475816519538753,6.682625543833558,39.073516273811414,-12.028403549037659
2022-02-28,-25.30104547372935,6.68709801061677,39.29725321290057,-13.44172839966974
2022-03-01,-26.299570811898025,4.7455711796994375,38.97764685239286,-13.653385345385962
2022-03-02,-26.303937404823355,4.658589647499919,38.8155883410503,-14.399735979063541
2022-03-03,-26.189608741017732,3.3629239604721812,37.45004176907515,-14.609927196998548
2022-03-04,-26.780198114975157,4.771258739843201,38.32612999312065,-13.986965053794798
2022-03-05,-25.62672444662063,4.474120676499992,37.6693717141811,-12.98961697792249
2022-03-06,-23.762125537490114,3.3543419871509297,37.72825304579772,-13.371759230965386
2022-03-07,-25.41569589408174,1.556803844275558,36.71358238584509,-13.099036933403783
2022-03-08,-25.552830574793308,2.8662559926761753,37.40321485035661,-14.707991765725604
2022-03-09,-24.62562460032188,1.967416984555172,35.94039962921336,-14.532956461314608
2022-03-10,-25.048041197259376,2.8083421517300957,36.152745457364375,-15.160912043801224
2022-03-11,-23.963396637476748,3.470711116187126,36.27887614802534,-15.032095624647619
2022-03-12,-24.875228023701847,3.019427290866153,35.33180629469311,-16.488138320252293
2022-03-13,-24.80205092635081,2.0523295816916423,34.736807075433696,-18.056341206801573
2022-03-14,-23.630597745392066,3.0649474220106536,34.52139827399192,-17.022806119803587
2022-03-15,-23.01323353388441,2.1961085769580118,34.73851273497388,-17.528648861581573
2022-03-16,-21.49092238947074,2.9117469528757405,34.617431980977976,-16.889025422156855
2022-03-17,-20.05542096606464,3.283908989765699,35.192042694694415,-16.54754802146033
2022-03-18,-21.054832808419054,4.627327829207083,37.13122875552477,-16.18652254375333
2022-03-19,-19.50149931517136,5.354936374393981,35.39738298657666,-16.52189590378712
2022-03-20,-19.640867563611245,6.784343322725897,36.81638463335476,-16.400156113176514
2022-03-21,-20.205505371030103,5.600154702604419,35.011647803362976,-16.924454515113787
2022-03-22,-19.69140788420226,4.471249932404609,35.66685897615099,-18.01562075400945
2022-03-23,-20.079109758488656,6.349324822925153,35.44630544608325,-16.978600408160567
2022-03-24,-21.019591094263475,6.4779004979275765,35.64631405252505,-17.265465204491566
2022-03-25,-21.39316276143629,6.546669205565893,36.34515367486581,-16.94094875374686
2022-03-26,-23.782597828692413,7.907994829416952,35.61065658233541,-16.594245521437795
2022-03-27,-23.16217973716516,7.758281810354358,35.760913048760045,-16.314333199393825
2022-03-28,-23.053636406651748,4.908098125030699,37.12949189979087,-16.605911742997083
2022-03-29,-21.112911599702038,6.458563039388646,37.73934475033797,-16.11400958890441
2022-03-30,-20.1073135910634,7.234234993681922,38.67295855925169,-17.25989302948147
2022-03-31,-20.343442956806093,8.980100649194027,39.58860388276048,-18.710171320252385
2022-04-01,-20.625995119151977,8.003751814166671,40.36203272940887,-18.522085002546923
2022-04-02,-18.550843460930924,7.114823893649195,41.25857259697108,-18.71247667672553
2022-04-03,-19.535395356189625,7.763702789616345,41.08147434604754,-17.434330990391015
2022-04-04,-20.02137381249499,8.112591151521135,42.902705420805525,-15.405351371380599
2022-04-05,-20.188335073942646,8.95218819169111,42.10411190272722,-16.79450473423852
2022-04-06,-20.71864145145378,10.4827594954389,41.756452980184605,-16.399183445724184
2022-04-07,-19.288302186406746,11.034844533179555,41.39926079906556,-16.322847662714366
2022-04-08,-19.183268763412034,11.356853578158717,40.96503708071605,-14.999297579531175
2022-04-09,-19.557695304850885,11.373922339895936,41.45754528294314,-14.399108560724164
2022-04-10,-18.057363024018656,10.717566101043198,41.185717163288146,-13.580646082381866
2022-04-11,-17.568625998661346,12.215765564153184,41.78829341975444,-11.923174871651032
2022-04-12,-17.41100350337792,12.338953199234119,42.73543181213107,-11.774339387082073
2022-04-13,-16.916348221503416,11.805997958380146,42.83567325492082,-10.67711854357429
2022-04-14,-16.14410665789849,10.420357090681861,43.71397378934398,-10.47176213846084
2022-04-15,-16.76552866010754,11.476427770846918,44.29041484197733,-12.699297986253764
2022-04-16,-15.200569070311793,11.157471377654243,45.435308101859555,-12.609871871034143
2022-04-17,-16.98342673535423,11.226328558814105,45.743261953313336,-16.23045401604267
2022-04-18,-16.74201240934276,10.468947982700852,45.67332426332987,-16.30829502823829
2022-04-19,-17.90900247927911,12.616231981062857,45.109499709828164,-16.68132219965048
2022-04-20,-17.96993586195603,11.178191557518122,46.671653126499876,-15.933950689883973
2022-04-21,-18.647596997440218,9.9093518728458,46.91019562338881,-17.808102826115462
2022-04-22,-20.296960212676147,10.099729963251338,44.96870057369856,-19.58604019945933
2022-04-23,-18.928922827534212,8.739186245049806,44.91652527525643,-18.054165079989083
2022-04-24,-18.320809672264385,8.838468298631874,45.15962342612679,-17.78438747815113
2022-04-25,-17.33743020369188,8.877872688776783,46.25716949568441,-16.64381156926502
2022-04-26,-16.824076206451668,9.639503818812706,48.53790195988432,-17.428744086284084
2022-04-27,-17.037763262478354,11.456345170339532,48.14745111752723,-16.69218463406328
2022-04-28,-16.935715919744908,10.891683401267214,49.490606920672,-17.639135221097785
2022-04-29,-16.32223697669954,10.288612589743554,49.33848372349028,-18.09167319506552
2022-04-30,-16.42519414431437,8.953027684182855,50.0070543235405,-17.873906097967595
2022-05-01,-18.066810994261104,6.349474673475813,50.80385515128639,-17.89107713675969
2022-05-02,-16.804376604649622,7.686160167019508,51.67876548484287,-18.109321644927842
2022-05-03,-15.680065516527462,8.777220270768638,49.8249511891059,-18.692313505859143
2022-05-04,-14.860345168395876,9.257599172360187,47.37582637909824,-18.370626294132226
2022-05-05,-15.483204260253281,10.23511170283602,46.63457140544763,-17.160631286092425
2022-05-06,-14.82541067148394,9.912764955630731,48.05978994212411,-16.42649893605346
2022-05-07,-14.445213792882623,10.05424775215607,48.40534824568352,-17.28502024747749
2022-05-08,-13.715348718944414,8.071037469372973,49.27757096809864,-18.518047367056212
2022-05-09,-13.84107865263554,7.6036627376908275,48.07050397401552,-18.154015891960626
2022-05-10,-13.424242350680183,7.6580454436962775,47.85322304718865,-18.966658730020143
2022-05-11,-13.546059412157247,8.47589784498221,49.09307044097497,-19.890732108444034
2022-05-12,-12.779811640745061,8.043446567661212,50.55944939128986,-19.93609755055086
2022-05-13,-11.46691195800247,9.207032250133896,50.20137716078967,-19.751282692612524
2022-05-14,-11.351848254582606,9.49210135349822,49.06027454686344,-20.00828598929446
2022-05-15,-11.669777183465648,8.684529071662768,48.74436246339538,-20.42164664858743
2022-05-16,-13.96718100220146,9.270977306906753,48.24619995563494,-19.045906764247412
2022-05-17,-15.045578988790831,9.425900265118925,50.98147200757571,-18.580172595563788
2022-05-18,-16.014385221726027,9.748076716939039,51.5764726687406,-18.013357582826163
2022-05-19,-15.65750274992965,11.208608179287921,49.28708266748425,-18.997443009963302
2022-05-20,-16.047812191648056,10.914525497648214,48.63296796064954,-18.007736229774583
2022-05-21,-16.7614236435316,11.60681903423143,49.79911678889103,-16.96053500965607
2022-05-22,-16.519418983021943,11.791728094734964,49.332813780218004,-18.495622835825877
2022-05-23,-16.54203752806037,12.716860659619854,49.90258538921494,-20.497673802225762
2022-05-24,-16.02649444604406,10.807085435832096,49.956742154426884,-20.593352935381837
2022-05-25,-17.633210550603554,9.178294673421238,51.783348936224286,-19.840380046235033
2022-05-26,-17.309660190076276,8.904226976239572,50.08771769487135,-19.629137657346924
2022-05-27,-18.352355699746315,8.693607476167045,49.08685096283755,-20.148572478142512
2022-05-28,-18.686301303110316,8.96040757381491,48.27143788620146,-17.608804081287904
2022-05-29,-19.713344216216402,10.188571778817575,47.81456352685822,-16.98000659812811
2022-05-30,-20.125836834630988,10.060901302271029,48.84773326348234,-17.02123694686718
2022-05-31,-19.770440179458266,10.884788662279611,48.3942596301512,-17.956274058531097
2022-06-01,-19.45722198343928,11.77640893119504,50.44269613674645,-18.02836323638963
2022-06-02,-19.809617079222345,12.062079371689789,50.55209363007302,-18.088326083629138
2022-06-03,-20.85438334307015,12.474522374559033,48.22512374354205,-17.96697660827774
2022-06-04,-20.525903412889463,12.295088311352057,49.32817104881111,-18.227050969509808
2022-06-05,-20.043627562956722,12.538281039140236,48.91547227549761,-17.929900569536773
2022-06-06,-19.82307887568384,12.5638334670312,49.8202374094105,-18.669877583066054
2022-06-07,-19.496972895408017,14.267203060505706,47.6788459280856,-18.61532339105194
2022-06-08,-20.033141742400744,14.155140065349853,48.371553493252556,-17.519044212796352
2022-06-09,-20.43903397862923,12.251921699010381,47.238346337764256,-15.831173916312338
2022-06-10,-19.402786609299554,13.514274387130817,46.47197064631128,-16.350650866027607
2022-06-11,-17.11148163036137,14.965884334786898,45.827062862222135,-16.743030008577204
2022-06-12,-16.00742828783072,15.840224800713882,47.12510103441635,-17.781184004114056
2022-06-13,-14.849452967423135,15.63409159931009,47.36384068627545,-17.792801801632724
2022-06-14,-14.938522547020895,15.512002921978738,48.212334043656725,-18.029037772631295
2022-06-15,-16.82707497225008,16.817752380151866,49.64915705552692,-16.790145754803515
2022-06-16,-16.557175842687286,16.18296482155466,50.99843350956625,-18.35175443578464
2022-06-17,-14.354028824421409,15.404563222257963,50.40100170059858,-18.868082255542298
2022-06-18,-13.901663501483505,16.522021215479324,51.20519082465275,-17.679022676055407
2022-06-19,-14.524339363775285,16.15737990545375,50.65960262373921,-17.9285198563099
2022-06-20,-14.615000374363278,15.432327058499972,50.360376310680294,-16.617141393146536
2022-06-21,-15.886114035528983,14.950866736177753,51.24006276153397,-15.82887873612077
2022-06-22,-14.129017375976353,15.464011162152714,52.755879723158436,-15.533179382380867
2022-06-23,-13.77706723867085,16.394893629823386,54.95191564480611,-15.447518123935211
2022-06-24,-14.509650989025817,16.677656530082256,55.17160409338776,-14.76009872046073
2022-06-25,-15.410733971499486,16.359206404304054,56.3297627358668,-14.702787615389036
2022-06-26,-15.882640529270542,17.09360020038183,57.78322795344992,-15.301148209679615
2022-06-27,-13.880395488202367,16.157549282840236,56.49024776892989,-14.707952075375344
2022-06-28,-14.203746711530629,16.095656396668172,57.61767549878866,-13.875715119247921
2022-06-29,-13.124818177608354,15.488249544228232,57.5983166749163,-14.632240637181566
2022-06-30,-14.617344501120538,17.342809041004674,57.08830358770106,-13.918584952408192
2022-07-01,-15.12443919972514,15.98794217923701,55.03917072207734,-13.982209570661976
2022-07-02,-14.14835999844455,15.52504243943989,56.027449301520505,-13.178304312651747
2022-07-03,-13.398118390296212,15.459862301167503,56.81936477306909,-12.910171329511781
2022-07-04,-11.263704593272678,15.766680631404597,56.34524571521686,-14.664103936937638
2022-07-05,-11.390076807266787,15.504560747284506,55.91202037071622,-15.749327149183376
2022-07-06,-11.335411503696271,14.63405822788675,56.57260833435039,-15.674265191099867
2022-07-07,-11.135388474021266,14.40660192988358,57.0502358087763,-15.363156602272753
2022-07-08,-11.758682536349882,14.972273708077946,57.656156231875094,-14.95741809202785
2022-07-09,-11.90552976550225,13.4698068617777,59.82862326422617,-13.806133849791047
2022-07-10,-13.38822427900152,14.642024327708672,60.39816499285453,-13.577581490948308
2022-07-11,-14.006616205543402,14.605048297169162,61.13308570122844,-15.0079385352158
2022-07-12,-13.750953824459865,14.576057717774418,61.15924223674,-14.855145018787352
2022-07-13,-12.849045501330984,13.917111596344867,61.932670542061125,-16.51406423765863
2022-07-14,-14.078821725479392,14.153599827838685,63.43658128349056,-14.821773119968398
2022-07-15,-11.807976014026565,13.18066433566184,64.52643999220889,-14.533708437064146
2022-07-16,-12.20890320458273,14.972927655558975,66.39250134881934,-15.819883830610262
2022-07-17,-13.076258837906074,13.91010361905115,67.39179249482497,-15.455212508667683
2022-07-18,-14.07836970507501,13.168807614309097,67.5984730415625,-17.355578560383105
2022-07-19,-14.21728337090776,12.911159927204586,67.63125108401324,-18.226436212393182
2022-07-20,-16.309344601157207,12.105689646364615,69.37129049867039,-17.03653654165646
2022-07-21,-15.329045457801886,10.384423965802608,68.95769184198782,-18.221279981978153
2022-07-22,-16.38976789629723,10.580157730637708,68.42587252078022,-18.054434328851308
2022-07-23,-16.26292309072239,10.716239658404787,67.7115212320564,-17.438010787636816
2022-07-24,-16.032281146624506,10.499781054428992,66.58366197565171,-17.52527320636929
2022-07-25,-15.362364875643447,9.65005004711009,65.76613238346192,-17.82977188502084
2022-07-26,-16.17011787537449,9.376386860026043,65.752477729352,-19.325431497919883
2022-07-27,-17.69459745146198,7.210238179509497,66.15741989823435,-19.667096881073615
2022-07-28,-18.143966916213778,9.066214614965062,68.18466278594776,-19.050095030486094
2022-07-29,-18.830301042919082,8.234572715818489,68.4180166272248,-18.9797628628886
2022-07-30,-17.279033124398808,9.52262458368293,69.43125004263463,-18.704916453368003
2022-07-31,-15.487558444655924,10.472781286927498,71.2103072119485,-19.034944837211484
2022-08-01,-13.68907852567535,11.495608214326971,71.52618430293354,-19.763153516353672
2022-08-02,-12.962547999417385,11.621911998984285,73.2229004305853,-19.640981736295682
2022-08-03,-15.587986749020018,11.077080373638383,72.82815029629798,-18.93815893767476
2022-08-04,-14.472239736277022,13.02439422297561,71.15239671089802,-20.310473550110984
2022-08-05,-15.732772622780852,14.099796710026267,72.31339933537939,-21.40360740196013
2022-08-06,-15.548650668165838,15.037581544009655,71.65541360495001,-21.835107472433236
2022-08-07,-15.685399212269866,16.247414777006437,71.51182196121636,-22.618221026826564
2022-08-08,-15.143044971037051,16.2886586811027,71.90958472358767,-22.796906146909958
2022-08-09,-16.726881901803093,17.023123348916926,73.26194012438317,-23.061769818166308
2022-08-10,-16.609387746980286,16.319076386341635,75.07378446019692,-24.568934721100526
2022-08-11,-16.575359045895375,14.877577103180412,76.47643811207428,-23.40945324243676
2022-08-12,-15.160358020946818,14.929723658121771,76.00269082211257,-24.275534268321447
2022-08-13,-16.376068791724805,15.194549652489767,74.82837536266713,-24.601045557392688
2022-08-14,-16.477168040846507,14.51551733487042,73.47319910436302,-25.033195468167882
2022-08-15,-14.574602480270839,14.713380526145512,73.67640766567955,-23.26183666725152
2022-08-16,-13.838285405230911,14.267584792972972,75.57435443581801,-25.179300559201124
2022-08-17,-13.083756741971273,14.604816430252043,74.86940577566676,-24.72143686513185
2022-08-18,-13.696334988101079,13.974108387910945,74.41336457943096,-25.022531819341474
2022-08-19,-13.647495481695973,15.627407413677075,74.41599336287268,-24.734014179281534
2022-08-20,-15.113155606165954,16.209241819808735,73.41406416825349,-24.825808591932507
2022-08-21,-15.179792454857775,18.019722426981698,71.95329008096161,-25.95298771628447
2022-08-22,-14.154202010496274,17.13408629436712,73.4860121588919,-25.729565712620296
2022-08-23,-13.888386090408352,16.483511202782324,72.88905165377012,-24.914018354573425
2022-08-24,-12.737635466895869,17.298142121825475,73.23261823104664,-24.70745193501628
2022-08-25,-12.869559947311764,16.895442679312936,73.60482990543316,-24.832852528561094
2022-08-26,-13.314500121735103,18.17528043652073,72.60543828592353,-25.112527109043416
2022-08-27,-13.704503227281428,19.149893707319208,71.16442580463858,-27.55535755737488
2022-08-28,-14.065459313713095,19.350601257753517,69.96085092214413,-28.82175542295016
2022-08-29,-13.576595607919122,20.51411269776385,71.04616299632144,-27.81259115446355
2022-08-30,-12.728029255851308,22.2423309758407,70.0369143111324,-27.325417303617783
2022-08-31,-12.1430461642069,22.607101526529952,71.03947194569675,-25.961727882067418
2022-09-01,-11.82719106997021,23.526845874620754,72.2280990544728,-25.548218235574815
2022-09-02,-13.66166422411901,24.848397889944263,70.80313175305378,-26.970810233732333
2022-09-03,-12.926358523970311,25.796682683018947,73.66484089104185,-27.641801590935735
2022-09-04,-13.165012216852524,25.428255499446088,74.70101487631213,-27.16930448397479
2022-09-05,-12.07169543596112,25.851591959007347,73.85968175753372,-27.331612468494423
2022-09-06,-14.06742401155409,26.051161989843035,74.84929218901796,-28.153145598053538
2022-09-07,-12.485291426390035,25.45894043445833,75.20484557968477,-26.478008696011482
2022-09-08,-10.912687582173382,24.692834293856215,75.26882535218145,-27.782620944201334
2022-09-09,-11.48371142847666,24.109897583596645,74.73102313233547,-27.939195624945206
2022-09-10,-11.73025811977268,24.6096361606045,75.41865900505299,-28.194984306800784
2022-09-11,-11.14450181527625,25.594474385564112,74.75141589384896,-28.185006411998252
2022-09-12,-12.03298067072368,25.639127628591403,76.26499795685733,-28.191984485959548
2022-09-13,-10.972810854235787,24.907083043003443,76.85310990135149,-28.285652285381563
2022-09-14,-10.15633527708827,25.313719630383673,75.90555087489382,-26.868969175423562
2022-09-15,-9.807789479292698,25.857093642387976,76.75898621059669,-26.950085619658473
2022-09-16,-11.892928401559367,25.092014131815887,77.77115296397777,-26.897462930150315
2022-09-17,-12.082846746145387,24.11050036148417,78.28902778700609,-27.19976253701811
2022-09-18,-12.509704042616674,23.040386979325334,78.36543564928877,-28.032845888747307
2022-09-19,-12.302785685516483,24.40583783235562,77.22348307423714,-27.501228696716105
2022-09-20,-13.433814821568166,24.617089177243646,76.87520618174574,-27.556645723808852
2022-09-21,-13.652366591583363,21.998117835709767,76.81664212874647,-28.12684806479896
2022-09-22,-11.9803253163337,20.918895738840042,75.48999059573984,-26.374278300064375
2022-09-23,-11.958094415370281,20.506513308475196,75.70928689983141,-26.98537339876608
2022-09-24,-12.542761102808107,18.842132850591092,74.67726468011918,-26.26742009566731
2022-09-25,-12.2477043978574,19.063797194274777,75.696939416615,-27.874338625137987
2022-09-26,-11.029174747919713,18.74598407442287,73.95227670504805,-28.447682338626265
2022-09-27,-11.760417833038769,19.588708952155883,74.09676247624701,-27.694026553284292
2022-09-28,-11.242206754925533,18.784196776963107,73.04516469692811,-28.552278753390357
2022-09-29,-10.962401993436329,18.188393594784063,72.85201148823081,-29.594532220124123
2022-09-30,-11.831500856163512,17.31802330961268,73.26921058282664,-29.001992890393257
2022-10-01,-10.65155186237634,16.82507853125335,72.48495369174992,-27.62103730629877
2022-10-02,-10.647624967431357,16.177981263903476,72.75881151086361,-28.146720660678294
2022-10-03,-13.202267166046674,16.735310050907593,74.48682439863092,-27.556756311227574
2022-10-04,-14.22137551614733,17.10097577001496,74.9228459736586,-27.232787425785904
2022-10-05,-14.380966860759743,16.36352218390742,73.58960071395384,-27.105864683367017
2022-10-06,-14.580021421929514,16.038165069820995,73.70712129279251,-27.379210071886273
2022-10-07,-16.74108860585324,13.789117965503635,73.81948201549025,-27.171792684368093
2022-10-08,-19.31710754274872,12.736051767847137,73.79907354156194,-26.89857748932347
2022-10-09,-19.946865981767246,13.012140972539914,74.57192950090646,-26.977780097541824
2022-10-10,-19.761463034184896,12.076919124315909,76.46158000082433,-28.54710192945487
2022-10-11,-19.642031026641654,11.848716613049774,77.80641194785532,-28.00333620646962
2022-10-12,-19.54220885137228,12.622201290929462,77.5591824690896,-26.22883102789041
2022-10-13,-19.692160173184906,15.065010386397233,78.87141444241271,-27.590137155393794
2022-10-14,-20.182676378936197,15.091538780520592,78.44547515881658,-27.232373203998304
2022-10-15,-19.55505888612714,15.916886149058191,79.22778665539003,-28.861712180955326
2022-10-16,-20.570601808403012,16.70739219842497,78.04416322154327,-29.63051328436405
2022-10-17,-19.918905114218767,17.233118830617016,78.16589192309922,-30.530145048527935
2022-10-18,-20.13949765858338,17.798797017538533,76.18850415137075,-30.49161405613331
2022-10-19,-19.72041923158022,18.688013481721452,76.47110718427857,-31.450150413260978
2022-10-20,-19.261140027049358,19.47931479211107,76.83294570400827,-32.37912761215858
2022-10-21,-20.15059308815986,18.557641670428826,77.02949735699147,-32.04194594509791
2022-10-22,-18.78212898856578,18.525259672797386,76.60088291880825,-32.255127585533735
2022-10-23,-20.231496646264613,17.604203991869667,76.55813234227193,-33.411965326134215
2022-10-24,-19.080971335033905,17.84300749397332,76.26050177530232,-33.80274592653865
2022-10-25,-18.862341469105516,15.754157488655819,77.35084630532899,-33.90126888054891
2022-10-26,-18.24008019328329,16.56366142078155,77.06593343077769,-33.769790992225595
2022-10-27,-18.726600112317726,16.21705493344236,76.66361818512985,-33.616035448056365
2022-10-28,-19.42177599968267,17.482660867817973,77.44346715824685,-32.83262432181903
2022-10-29,-20.94309063924043,18.25567155835628,77.25697476040467,-30.66117191322699
2022-10-30,-22.858931853551486,18.091076486985003,76.68644229761081,-30.358027454843473
2022-10-31,-21.653512817249464,19.876314796297883,76.34143446166645,-30.060098361020714
2022-11-01,-20.554624201903703,18.705173512163945,77.68811478024433,-31.30731904131024
2022-11-02,-21.990486994333644,18.193411504632554,80.35084472616882,-31.362909202109414
2022-11-03,-20.579088997935344,19.441321783221397,80.65269281253997,-30.403032325630555
2022-11-04,-22.740543159829805,19.29228941172133,80.08086430687797,-29.617758120406787
2022-11-05,-23.162981558053634,18.02741979960761,77.72435241408422,-29.893860058957088
2022-11-06,-23.579925950403695,17.66362859455176,79.05976645005026,-29.473952148681985
2022-11-07,-23.74045626972449,17.962162720093136,78.8015353047628,-31.729098596161563
2022-11-08,-24.852464037193403,16.769014139452462,79.4912763541393,-32.02494054922538
2022-11-09,-24.224881114752456,17.64386844124065,78.75041291945244,-32.6333235952855
2022-11-10,-21.879012906557897,19.618845089910184,79.05821367928712,-31.132197316068222
2022-11-11,-22.673741179209095,20.48862620598384,78.57475207180826,-31.10368620809915
2022-11-12,-22.66074960599999,20.247122069754077,78.66662077468983,-29.654815865670418
2022-11-13,-22.48657623208838,20.694531081981985,78.10228161190976,-29.644583701966408
2022-11-14,-23.405508311971314,18.842646246159816,77.74858157215097,-29.349278901959273
2022-11-15,-23.584044139661163,19.784745196632258,79.3669505727175,-27.958922530263518
2022-11-16,-22.390322043698706,20.53727141114117,79.67152425487885,-28.83581731672839
2022-11-17,-21.849899552227345,20.41008614412114,78.9861640463775,-28.3521535152988
2022-11-18,-21.210109199314637,20.287911498166054,80.20948534512992,-29.24623464843888
2022-11-19,-20.87517267117056,19.651774102739967,81.76852559643613,-29.468829021322122
2022-11-20,-21.767799285263116,20.88897134439951,81.95249009191659,-28.398970375449498
2022-11-21,-19.95658419357748,21.49484074592886,80.97628310185357,-27.760674561208845
2022-11-22,-19.861162945614954,22.460547446444043,81.99393033939205,-28.073518126357598
2022-11-23,-21.301283098486923,21.140274999752155,81.70195641873372,-28.107078584497692
2022-11-24,-21.628166079086252,21.52559226756497,81.11972381753682,-26.789304664442827
2022-11-25,-21.997793553560935,21.57142597622168,79.4650958515092,-25.672990588228185
2022-11-26,-21.25159540073221,21.331523035591594,78.52238381428425,-25.93743941116343
2022-11-27,-22.308006279646982,22.34466795513045,77.94663339801464,-25.71867969274877
2022-11-28,-23.46962063026815,20.47013348228305,79.79148271750981,-25.770734926831157
2022-11-29,-24.645424062384865,18.667833619441467,79.82383418925063,-25.3571846204801
2022-11-30,-25.811043019751875,17.82833822271144,79.46575467544514,-26.505503409504854
2022-12-01,-25.488155444879364,18.477039431607565,80.39853657864344,-26.2434905867588
2022-12-02,-25.942644406401953,16.365999705413817,79.62114288986766,-26.615493105009268
2022-12-03,-26.98992391352098,16.494963192639915,78.81204647541577,-27.59165356098819
2022-12-04,-26.041365697680078,16.59213296339476,79.02455990962943,-28.816458252519794
2022-12-05,-27.19059637839135,16.73467517649694,79.22227415466384,-29.892863650136132
2022-12-06,-26.806934784226307,18.274054922801575,77.23562766383904,-29.281713059726318
2022-12-07,-25.07613150928557,18.927846915684757,77.18137282781015,-30.587372047404326
2022-12-08,-24.45231591385398,18.541114721215884,77.93121460090262,-30.599417481814793
2022-12-09,-24.98627614665313,20.17995810861415,77.5346796033476,-31.803498737271095
2022-12-10,-25.044755955114944,21.06958744201124,77.13692320012804,-31.586704351384125
2022-12-11,-25.61486139908739,20.14837465880752,76.53594910170258,-30.361991738974517
2022-12-12,-26.08478898657309,20.632920954811073,78.12943206360458,-30.523828993908644
2022-12-13,-26.096752098284604,21.904789089294795,78.06328782446116,-31.137335378701685
2022-12-14,-25.276160531584893,20.530116987839406,76.99894629585926,-30.30329199277967
2022-12-15,-25.501406523080245,19.92186678446268,76.54438243586516,-30.325028858614424
2022-12-16,-26.382480747726188,19.405999067654385,75.57320224438263,-30.18895945047798
2022-12-17,-25.440065688265804,18.481994042592895,77.00438490676949,-30.328662014262118
2022-12-18,-26.21291216110869,21.465181510181075,77.9444095510464,-28.441350425972832
2022-12-19,-26.66260572276694,20.791960850311355,77.67826802210094,-28.814699753402124
2022-12-20,-26.89073458814218,21.279084218673567,79.23176952796928,-28.194742640335342
2022-12-21,-27.313920317352675,20.963055909812656,78.72787443481062,-28.325289816370695
2022-12-22,-27.302182983261197,20.616772196988123,78.41145949374798,-28.27318033668261
2022-12-23,-27.229733544735335,19.628507927525767,79.75383543246176,-28.217378723074333
2022-12-24,-27.5351542112086,19.42872484581398,81.54391731193607,-27.821578248687935
2022-12-25,-26.048247099200914,18.628822825596426,81.14929362089487,-27.726860006409602
2022-12-26,-27.014385933128725,17.77022994514958,81.85690083794812,-27.26325034721785
2022-12-27,-27.419181689551344,20.124454862723834,80.01318910384767,-26.84691432337701
2022-12-28,-27.012323484533294,20.37395887455145,78.47034059781315,-25.769011687662484
2022-12-29,-25.737899694229508,20.815903510974906,79.02498990842734,-25.79571027547634
2022-12-30,-26.641688111981622,21.672849128383568,79.73982318681622,-24.16108522206276
2022-12-31,-27.040419134678903,21.90854447088705,79.44995242739797,-23.929754229955698
2023-01-01,-25.876702023222567,20.033700459040627,81.1017868867265,-25.46737722696837
2023-01-02,-24.746881026358803,20.471765272308847,81.58719928878172,-26.364034475646484
2023-01-03,-24.752292380738307,20.137376963151905,81.27186675857776,-26.919123890972685
2023-01-04,-23.199926494791086,19.576646435370954,81.05182444708456,-25.390738311579344
2023-01-05,-23.990963825404258,19.778253546809584,82.22267829901458,-24.890351069284524
2023-01-06,-25.508167212081787,18.88609693203775,81.54148740073786,-24.991465836559822
2023-01-07,-25.92333700709541,20.274846764342282,80.40561318938468,-24.396773789877724
2023-01-08,-25.49189009179095,21.10412886138088,80.20618772274163,-23.665823186657306
2023-01-09,-25.889784206577357,21.58552243061796,80.56877047232344,-24.307041423565796
2023-01-10,-24.682570912769496,22.075114888914236,81.07712124342957,-26.235512806133706
2023-01-11,-24.966888279658658,22.536333118896962,81.6429948984733,-26.195687522261988
2023-01-12,-24.712755537490157,22.151820408837864,81.85894154762582,-26.18261769301228
2023-01-13,-25.49752741025337,22.420571300028133,82.76904627126511,-25.385266798909694
2023-01-14,-24.785295791663664,22.50545858031833,82.43366684528226,-27.40558465897162
2023-01-15,-24.183130899812458,23.268942058906294,82.26753768392446,-27.590940816121527
2023-01-16,-21.885476299245184,23.402962552363135,82.76115803834024,-26.96400921196235
2023-01-17,-20.05802566801702,21.94467172295568,83.79125820649166,-27.082424650037083
2023-01-18,-20.78520763484506,21.797231249103543,86.03531059557396,-27.755502119180495
2023-01-19,-17.65044671291906,22.226029028795548,86.3960161294108,-28.89637962469347
2023-01-20,-17.586800810308475,22.82154278840581,85.12622868977449,-28.551351401164204
2023-01-21,-18.344230256866325,22.78553152489039,85.283036482241,-28.910183488034537
2023-01-22,-18.040547958434708,23.780856519383914,84.70266724354241,-28.635569746988832
2023-01-23,-18.213309434338125,23.6459259064119,83.65206849854708,-27.202707972028797
2023-01-24,-16.74095174755781,23.759707574992966,83.19609138617136,-27.614263049861226
2023-01-25,-16.881318408602475,23.01563909505776,83.66436600843107,-27.520286295254873
2023-01-26,-15.519302550159303,20.979419758147223,84.53882039846215,-27.082789260887655
2023-01-27,-15.228560597328666,19.543569398295496,83.76293002006355,-27.455089119064976
2023-01-28,-16.02531272118148,16.56962992525636,85.82080456504391,-25.891355093040634
2023-01-29,-15.693376015096876,16.85327314490824,84.26876605435962,-25.482568178863616
2023-01-30,-15.02154138840776,16.40945952558252,84.20040789452912,-25.85500206145421
2023-01-31,-15.570914323917778,16.494823919711642,81.72180578757411,-26.47247535853816
2023-02-01,-15.388210482816703,15.40085031921872,80.8997057567042,-27.286556968025593
2023-02-02,-15.623132040686775,14.824333418802135,80.69504296325351,-27.094926215913212
2023-02-03,-14.408060437979659,13.739665641823784,79.46105493270211,-27.613566400212065
2023-02-04,-16.45588417436437,13.630325103920665,79.98970495953814,-25.92116415302308
2023-02-05,-16.47073192261846,14.531618059916783,81.08253909583036,-26.639688158406795
2023-02-06,-15.486797504883304,14.339224579245242,83.09258011477722,-27.873493463610874
2023-02-07,-16.18760187319647,15.179986338788686,83.68740996880169,-27.785143199727923
2023-02-08,-16.51277878956686,16.449621137546824,83.82968523429841,-28.091624680329726
2023-02-09,-14.252041722364126,16.54850410972061,83.37036995542533,-28.123942183219704
2023-02-10,-15.305362516378732,13.779138094359533,83.10215326730074,-29.497545806998644
2023-02-11,-14.335312365782753,15.00026757177038,82.52578538571568,-29.119501701128193
2023-02-12,-15.816790727493988,14.875125691131279,82.43167796181953,-29.848598983022857
2023-02-13,-17.190180923198223,15.991261814321911,81.96123663324818,-29.438541040323226
2023-02-14,-17.679632642851033,17.64113369954982,80.97268238904617,-31.35904267884181
2023-02-15,-17.27618089584133,16.811088268747326,80.42824579499049,-32.15581307047284
2023-02-16,-17.86673880612426,16.764212188391568,80.12479658905016,-32.25153386304281
2023-02-17,-18.954472369971096,15.763428353532195,80.85637797295324,-32.97561279619167
2023-02-18,-19.992573064942597,16.004572019472473,80.9577806417667,-34.68512092786682
2023-02-19,-21.297786063409312,14.582844495145636,81.06232805731221,-34.531355984420394
2023-02-20,-22.77244132567808,16.910729491147183,81.88677476310467,-33.54388032947369
2023-02-21,-22.36295652027508,16.43670830257457,83.45927735167608,-33.592178888041374
2023-02-22,-22.908795991320158,16.94500863104586,83.60063821611132,-35.814797853124084
2023-02-23,-21.36652320873315,17.453689004344074,85.52644410044779,-37.07499642799305
2023-02-24,-21.855641375681415,17.715505497977073,87.0067692220069,-36.94308009053964
2023-02-25,-21.590330100393594,17.674442906490913,86.46808427091578,-36.90833351717081
2023-02-26,-20.997913263009355,16.211746056694665,87.04975863099932,-35.930915254992996
2023-02-27,-22.412899164391874,16.92783186766258,86.13424785646802,-36.45924335748292
2023-02-28,-21.915906039268663,17.16400585422106,85.75723830771983,-37.230040370996115
2023-03-01,-22.43436595012973,18.53446557836172,86.5306738178359,-37.31420670803762
2023-03-02,-21.532383724249865,18.011941235944146,86.16028256668471,-34.60800319995275
2023-03-03,-21.06654574260089,17.546361655940633,86.45437863647943,-34.812201480703855
2023-03-04,-20.909023460615362,15.476280819411928,84.19723838755495,-33.146431086117076
2023-03-05,-20.31779012928396,15.665528840985695,85.67631816449277,-31.914460311902047
2023-03-06,-21.48709174606336,14.92978081814537,84.35383995541771,-31.660448018525937
2023-03-07,-18.944364550352972,14.214144698326908,81.7860506429693,-32.283324801883346
2023-03-08,-20.41838297672891,15.752123297114084,82.31057713182952,-31.02629107893846
2023-03-09,-20.184564976864806,14.103776638951532,81.04022220510456,-32.100687535741955
2023-03-10,-20.05742196841621,14.779273373209804,81.98809682956808,-31.473360939246284
2023-03-11,-18.2057634992461,16.720243654504603,82.82101407778651,-32.463507471561186
2023-03-12,-17.965466406530165,14.684246457385152,82.39695017931042,-31.349049785680496
2023-03-13,-17.68266441389803,16.56814951145985,82.57669308465788,-31.854999226505612
2023-03-14,-16.391496278640872,16.935173031430278,85.03145357966983,-31.217583628051717
2023-03-15,-14.762961759700644,16.68118952510175,83.82103042372772,-31.35550426164861
2023-03-16,-14.893315425033055,17.134678826353404,84.3577837491358,-31.037953929720462
2023-03-17,-14.546354625010885,18.6398089487776,83.5026401691332,-31.9330719659587
2023-03-18,-15.32762653262005,19.994332872293803,85.12331549797806,-30.58426680460722
2023-03-19,-14.938197128044099,18.55489344071875,85.66855092981181,-30.391455339637663
2023-03-20,-15.217790066968782,17.718107864940443,87.33318250029724,-29.022645513088356
2023-03-21,-16.184083225149475,17.76622647637261,87.93514911282823,-28.1609020303322
2023-03-22,-15.187586397908472,18.042214954431394,88.65238097775268,-28.719855218230965
2023-03-23,-15.221304169556301,18.835996707448455,89.48063425002569,-28.248970002321908
2023-03-24,-13.962834361867,18.21813556507784,89.03447415894522,-29.933271788167886
2023-03-25,-14.192986204317108,19.34503462279001,88.91829481915269,-28.44125294370989
2023-03-26,-15.715855752706025,19.109282011809167,89.1812229165379,-29.36059741006552
2023-03-27,-16.541284453075928,18.873392889522105,88.44609657825724,-29.927151380706515
2023-03-28,-15.112532701509087,17.76150973228854,88.68883542691134,-30.9330078873838
2023-03-29,-14.752937833944106,17.820980612353935,89.49914777033732,-29.767050102480106
2023-03-30,-15.791252288600491,18.246081880453293,92.00366753586142,-29.93818532799679
2023-03-31,-16.053766658803514,20.03669231894003,90.23543864396639,-30.698350228203967
2023-04-01,-18.067874270809252,20.416776186904205,88.76441356010982,-30.843282300159185
2023-04-02,-20.45689879596795,21.397604756679268,88.45188476766532,-30.626843627296665
2023-04-03,-20.101576420844722,20.70397941485561,89.0302508775222,-29.10424362507985
2023-04-04,-20.33092683600824,17.381814826016004,88.15378780039302,-28.044098634065673
2023-04-05,-20.450498372025887,18.579009062160328,87.73566343895591,-27.53566274299693
2023-04-06,-18.98239815104354,18.426935710017514,87.58324824551526,-27.74901569969697
2023-04-07,-20.501417332627426,18.032904662654374,87.62904396439586,-27.898119485853556
2023-04-08,-20.141637743901867,18.128541208656788,86.28603350343485,-27.70792559421402
2023-04-09,-19.266259648336366,19.091341930228012,85.49502729877882,-27.722422510696948
2023-04-10,-19.995499090435477,19.52428491311662,85.39736940616898,-26.58803674623252
2023-04-11,-20.468306113058283,20.04156212190305,85.93974722807799,-26.019184881221364
2023-04-12,-22.914550187646366,18.452716515582267,87.75999980684998,-25.186785781385982
2023-04-13,-22.515207561879063,19.50706208961434,86.4109432157607,-23.032246871436882
2023-04-14,-23.300286587803843,19.561421256616896,85.39702938806478,-22.58494235887348
2023-04-15,-23.919682469335857,20.379552961376124,84.92059602226337,-24.313301782646306
2023-04-16,-23.077197882090946,20.172659274159734,84.63575745083939,-23.312428038313513
2023-04-17,-22.84764832601211,18.562897337972515,82.5237500486715,-22.317666443484676
2023-04-18,-22.367241161826637,17.32310836817392,81.54631238865683,-22.774769416467116
2023-04-19,-22.55910750860913,15.772621823362456,81.28245051809729,-23.07023689436732
2023-04-20,-21.504506219287734,16.483525714530632,81.50982396814281,-22.986945490579533
2023-04-21,-22.51574509285866,16.87787038620689,80.4151263794301,-21.503740399663513
2023-04-22,-23.370072709444482,16.831309922345852,77.95622023383135,-22.719717614557155
2023-04-23,-23.61113812441034,16.881948064662083,77.74512141010212,-22.75298646113851
2023-04-24,-24.677185009122326,17.760391134160344,76.52138167919419,-23.729403115192163
2023-04-25,-24.022603209052953,16.99486511717002,76.05254020608795,-24.96305659140855
2023-04-26,-25.27929586723742,17.008477706113254,76.4096330758769,-26.34521140194181
2023-04-27,-26.35523007720214,18.3963711904973,76.12538279140443,-28.40555899237856
2023-04-28,-25.496917589250035,18.120550432786622,75.12292285417345,-28.511973035272387
2023-04-29,-26.323139241533585,18.974163741265215,75.66652796899157,-28.52142510217154
2023-04-30,-25.69127928708704,19.653897231140323,75.82928461617239,-27.63108097531973
2023-05-01,-23.308135431552405,20.702871614997672,75.14651981443744,-26.979286564960688
2023-05-02,-24.743414690541897,20.925625039879314,73.27617227326526,-28.30839770732067
2023-05-03,-23.0810975392399,21.945079908270607,74.47888009354308,-29.9217759992169
2023-05-04,-24.74642852074522,20.54908433700991,75.31661128547603,-29.191355380507105
2023-05-05,-23.646558028811913,19.397508714392533,76.59130502937693,-28.180351961857223
2023-05-06,-23.413919850348883,20.059674760899764,77.22273152327412,-28.766821140848087
2023-05-07,-22.572651724147217,19.547440674018013,77.90443376357473,-27.84709980032699
2023-05-08,-21.898010946962444,19.239246519801355,77.79190850147755,-29.325696701178337
2023-05-09,-22.80841227902472,18.831760872228017,77.90394884851565,-28.823006061852684
2023-05-10,-23.234617344334,19.100811704551713,77.29336034132467,-28.326473594391544
2023-05-11,-23.139326981490683,19.71558331145503,76.22864975299892,-27.117805549969734
2023-05-12,-23.55161175003563,19.662616126467462,74.38855138905069,-24.968631834566402
2023-05-13,-24.16619896868005,17.5393675770973,74.44288612192588,-23.97975227483036
2023-05-14,-23.927825937597277,17.2505799347597,74.17114438222266,-25.63677353473374
2023-05-15,-25.028255504892737,16.48601398394778,73.50475437678043,-27.345365590124953
2023-05-16,-24.099741763621854,15.633118109049521,73.4598349291025,-27.89259847505514
2023-05-17,-24.5455328103259,16.12254596498025,74.93674954187199,-28.68287066773881
2023-05-18,-22.61515987911491,16.07284524537998,75.99412131681197,-29.741616783622725
2023-05-19,-22.886807886995403,16.63005366004111,76.22083616647919,-30.827347921529714
2023-05-20,-23.106323222600334,16.0756812804658,74.36192781699376,-32.184727000146694
2023-05-21,-22.67668604575243,16.54097871671179,72.45218376086176,-32.61807322150843
2023-05-22,-22.51198595540494,18.360612540120886,71.88584935267124,-33.88317001739372
2023-05-23,-20.483978339227928,17.633566488410338,71.30946981923002,-32.92696865044259
2023-05-24,-20.993553450101718,17.896581977873282,71.01612725281733,-31.813481574769746
2023-05-25,-20.685150839103937,16.93994114688274,71.12512084503261,-32.987156136246796
2023-05-26,-19.720864735750837,16.71885244477386,70.28410670169848,-31.57892013581469
2023-05-27,-19.116222471747278,15.888544837420735,70.58805515236669,-31.993440962260177
2023-05-28,-20.093521115742206,15.624531558964023,70.5776394919611,-32.647096639848016
2023-05-29,-20.35434645476022,15.586543514375643,71.36853024785691,-30.952743435639672
2023-05-30,-18.491883040018397,14.682407107140898,70.77749013585267,-31.602119834849788
2023-05-31,-16.98567638986588,13.853726587501214,69.8164851264573,-31.049929821519257
2023-06-01,-16.172075025701066,15.404404659239221,70.48366702247795,-30.680457299665253
2023-06-02,-17.221081667200526,14.919643413060708,68.37786146696612,-32.60379535583699
2023-06-03,-17.590420879710763,13.883936882623003,69.62744583545502,-33.45469701683551
2023-06-04,-16.334607984638595,13.637900956412919,68.55881785473491,-32.0262805405044
2023-06-05,-15.929518882924098,14.103612513762847,69.57594655791519,-31.141265043391897
2023-06-06,-15.329250810945766,13.828189539175018,68.1303365395222,-31.375547568901403
2023-06-07,-15.278003927267873,12.549337471147359,66.4964591618661,-31.93198789142737
2023-06-08,-14.58286793212867,10.800077873980271,65.49952564154378,-32.69264167514778
2023-06-09,-12.813974716882312,9.043192084733425,64.92897953002542,-32.890829350093604
2023-06-10,-12.10682399354245,10.697155399347606,63.95121320859042,-34.06158118774083
2023-06-11,-10.561910707139543,9.537299566919724,63.52851017670346,-33.99384476315681
2023-06-12,-10.759512929737697,9.460563776795361,63.00869412585524,-34.7526676280079
2023-06-13,-10.882341825399543,9.595429184100013,62.869981621387915,-33.782662722682055
2023-06-14,-11.465357162172705,10.8021366810925,63.14472148631415,-35.74791479365965
2023-06-15,-12.843740631970457,10.329978422560343,62.48578364537845,-36.30628237098583
2023-06-16,-12.788436726396737,11.17037789050012,63.11135129030722,-35.60612258544362
2023-06-17,-13.176375314819923,11.410203667141687,63.919132669456665,-36.237015929370834
2023-06-18,-13.213406059927747,11.56437644050274,63.88128907080781,-36.86664812320217
2023-06-19,-14.97605286866878,9.746897028141658,63.64521242179294,-36.56870528583013
2023-06-20,-16.58639970938449,9.327089787992513,62.144642510332176,-36.813699290784776
2023-06-21,-16.264001212461018,9.447097601926432,62.844876759752324,-36.80404499065015
2023-06-22,-16.442482114082544,7.752869372869065,64.57595033877573,-36.336936784025006
2023-06-23,-15.926556293687923,8.362201737084742,64.39003960161482,-38.818744828185444
2023-06-24,-13.920471668682335,8.151758857897002,62.867001461177104,-38.514853845418976
2023-06-25,-13.564623160365977,8.936455179747698,61.43967237444115,-40.13394362854987
2023-06-26,-15.613561461605128,10.180654971396134,59.58649497283229,-40.916561599083494
2023-06-27,-15.281779927990325,10.932611644281476,58.19637850608332,-41.58679570172484
2023-06-28,-15.10084878027757,10.000511256170498,58.238440634083716,-42.495959732162255
2023-06-29,-15.290726497400387,8.719047172547437,58.234506461124475,-42.40752900571072
2023-06-30,-15.234975762759632,11.470180765512746,57.325134386126734,-39.897598458324936
2023-07-01,-14.115806322916221,13.389643055394549,57.75678066223476,-38.945853254442575
2023-07-02,-13.593617290013732,14.325223812785616,57.66589006110584,-39.191602900082565
2023-07-03,-14.081927453680693,13.502370897981153,57.902189732833705,-39.811675494402806
2023-07-04,-14.37519706325027,13.839443578715422,58.19158623719362,-39.12011472524499
2023-07-05,-15.802918261992442,13.673174743048646,56.7909492991792,-38.59068419335213
2023-07-06,-15.781969622309068,14.69543900720176,54.40546194687283,-38.59510609076616
2023-07-07,-15.00539855340656,15.550002128387801,54.05560109393874,-38.311094991470114
2023-07-08,-13.260255938222226,15.909732466825627,52.97828529933855,-38.929777237157815
2023-07-09,-15.417509549246986,17.702834293144118,52.12049841522394,-39.16924954365918
2023-07-10,-13.91112676977055,16.870312913531453,52.802381198935365,-39.66539651941153
2023-07-11,-14.145972504289253,17.70998205798399,51.99608069306482,-40.23820274630022
2023-07-12,-14.344758795571254,16.924198529772678,50.85744378868956,-41.071859515370896
2023-07-13,-15.237751510577858,16.463066528038865,50.89924625775569,-40.63860161862878
2023-07-14,-15.769663886864809,16.51187046585903,51.205593104156144,-39.22776267484847
2023-07-15,-16.432032560202735,16.77704087555117,51.789335179984434,-38.217975518212356
2023-07-16,-17.099703343419527,17.72566815404536,50.92677682570598,-37.9896502854575
2023-07-17,-16.422942029425034,17.390519743125424,49.728450692123786,-38.28846808745362
2023-07-18,-16.061010723264623,17.871266103272372,49.19685808155868,-39.185190741606135
2023-07-19,-15.40602544251267,19.17573852870162,47.486252558044924,-37.661411546031744
2023-07-20,-16.300281209687718,19.58003332928956,47.23555546968667,-37.73653768056343
2023-07-21,-16.956135199062015,19.707545661700248,48.10811456416524,-35.88213869347774
2023-07-22,-17.70612759085035,18.63900099841599,49.02485176456495,-35.150928322205544
2023-07-23,-18.415837164743174,19.140634558097165,49.966360323252005,-35.29134573847541
2023-07-24,-18.577712077271826,20.56009589544394,48.425974942147995,-35.45660445884929
2023-07-25,-16.74992355645327,21.2562243959797,49.198733328203694,-37.00684828869769
2023-07-26,-18.648925603054735,20.068189121130448,48.825894813159564,-37.804272580012295
2023-07-27,-20.896166869605594,20.24535063918219,47.36348911771595,-37.399864848369376
2023-07-28,-22.06552479864756,18.863790428859915,44.872766043310605,-37.329534724473554
2023-07-29,-22.155265711635057,20.01060703464617,44.68177071136832,-37.31474394677189
2023-07-30,-22.652175425804682,19.747667907661487,43.80703385353888,-36.78354033574499
2023-07-31,-23.930585656140675,21.126959285138565,43.325768671182956,-37.609232634783844
2023-08-01,-24.684187755566967,19.573627769392893,42.32688295388143,-36.98220249655048
2023-08-02,-24.813133683283688,18.496834475970015,43.954262027528166,-37.46450141742605
2023-08-03,-23.991812096199048,18.551746914756812,43.70114718735107,-37.11261756990212
2023-08-04,-25.565521295540623,18.098586232298974,44.08124388125991,-36.33154286873861
2023-08-05,-24.179031563010742,19.919932069519177,43.49529260020987,-36.24598536442656
2023-08-06,-23.87454077637667,20.243175033051187,43.27676729909859,-37.41760959903485
2023-08-07,-25.847768757196583,21.099586066903086,42.38535226507385,-36.636583270490505
2023-08-08,-24.955726561144157,22.03046857422313,42.18362054106844,-39.01225367347428
2023-08-09,-24.880440472547726,21.01299527914296,43.428520100684594,-39.09160457830081
2023-08-10,-25.247816787881597,20.83908931792308,44.47125471361342,-38.82061601454883
2023-08-11,-24.922989093790274,18.933609162388855,44.80516693414653,-39.36201501302264
2023-08-12,-24.939856627656088,18.830232720468523,46.339952875819876,-39.19257683754198
2023-08-13,-24.506604442188,18.622830174781612,45.1644951404324,-38.08152971953024
2023-08-14,-24.692307944246362,19.08273193908365,47.36149236633665,-38.679330984779945
2023-08-15,-24.053550320711174,17.864492053545668,47.05369686263586,-38.098164071800795
2023-08-16,-26.624491342711543,18.01281220561742,47.86355018710048,-37.54784645252667
2023-08-17,-26.09883190529387,16.400304284919514,48.43236783626873,-37.58901429622741
2023-08-18,-26.50991921343619,15.7409043752115,50.03268927403509,-35.28506853016008
2023-08-19,-26.834773501123983,16.325142502543073,51.23115006459906,-35.77611603457403
2023-08-20,-28.468655163698557,15.6615818091058,50.756946928707855,-36.33988229589842
2023-08-21,-27.848147576117647,16.57781484891812,49.52511728620069,-36.18884543582083
2023-08-22,-28.470662042647934,16.285233037429542,49.354796341556785,-35.201876387751966
2023-08-23,-28.086039882050997,17.607692817613582,49.21656298930024,-35.58353556106791
2023-08-24,-28.753153346620785,15.020214208890488,48.771745021723405,-36.4748259989363
2023-08-25,-27.9555877733098,13.463538272700434,49.95382909844757,-37.174679724471886
2023-08-26,-27.811968620446375,14.816184293801367,50.36179833359333,-37.538202938462554
2023-08-27,-27.204793162258163,13.717832701718766,51.982373063253895,-38.47204554093595
2023-08-28,-27.03673087720277,13.316028789066653,51.75770459455604,-38.15173027110383
2023-08-29,-25.504338560356587,14.231759855955277,53.4631810629961,-39.72618692566944
2023-08-30,-26.73779274474146,14.305772815816502,52.00024596857606,-39.7201184571544
2023-08-31,-26.272929138535908,13.364329348853417,51.54229027206135,-40.46389499812829
2023-09-01,-26.626055600307076,13.496733030795424,50.25371773347166,-39.96868702203219
2023-09-02,-26.754697564730694,12.42633799480135,49.489762794329536,-40.10502859932149
2023-09-03,-26.494215978576612,11.33077315791531,48.449558723241935,-41.327699514198734
2023-09-04,-27.55754185711327,12.614296869170792,49.32930350473054,-42.913865128663375
2023-09-05,-27.09999863886891,13.829238166877602,49.25350571642566,-43.93855741609312
2023-09-06,-26.319236140805824,14.070741732894108,50.19252395440838,-44.41730531466872
2023-09-07,-24.768335103616444,14.438030074321391,49.84621952878748,-46.353242339660575
2023-09-08,-25.816017130874226,14.41798526047343,49.413558578633285,-47.05036858234599
2023-09-09,-25.24030413986489,14.992428906503244,49.47925112978704,-46.054543483115005
2023-09-10,-24.578950141208793,13.961323608122896,49.936825911163055,-45.04493810099745
2023-09-11,-24.96038955075951,14.19564342832544,49.604685120942605,-46.03061811859651
2023-09-12,-25.581095426724318,14.266738231638845,49.05357156162271,-44.45904374070006
2023-09-13,-25.43737531684446,14.209976870497732,48.71512934167822,-44.95129043265691
2023-09-14,-24.225489846152108,14.1464586182926,48.939198702329286,-45.29490022337768
2023-09-15,-24.743410065413226,13.28355318616189,51.147331387409444,-47.33687578067473
2023-09-16,-23.47838418430741,15.18959938066868,51.785142325908076,-46.690922273062434
2023-09-17,-23.871334101972373,16.006513825936874,51.83382993040478,-47.54032751231657
2023-09-18,-23.38676771760116,15.629979089803202,52.14577538558109,-45.65367182405949
2023-09-19,-23.730478337925014,15.26262340024512,54.04679793790632,-44.85711913535154
2023-09-20,-23.38160766359106,16.39008725710182,52.920885133910005,-43.72877015259363
2023-09-21,-24.637231196839952,16.899276651460692,53.46778324494706,-42.211289897426234
2023-09-22,-26.089769563651775,17.74677249376796,55.45651344278079,-40.650837716088326
2023-09-23,-26.899202295985063,17.80004217936584,54.01779942450291,-40.30491976266188
2023-09-24,-27.672108486428066,19.20461037022199,55.24889916871936,-41.59058287681985
2023-09-25,-29.60080934160883,19.371873516172855,55.87815729171957,-40.92198456089037
2023-09-26,-29.29996400245946,20.435789982517036,54.73290137118914,-41.182189460090264
2023-09-27,-30.038024304826337,20.80535613777986,56.002982630819034,-40.3318507952788
